variable,count,mean,std,min,25%,50%,75%,max,original
dummy1,1000.0,-0.00041668135559590837,0.009757980712414287,-0.0339938024779183,-0.007167732686095675,-0.0002913571357754,0.006404383861830575,0.0279724119279957,-0.0070912635360894
dummy2,1000.0,-0.0002365537316928295,0.010738664432562666,-0.0368751015540363,-0.007240161647583725,-0.00043230686828385,0.0072902208722546505,0.0294462263546439,0.0117468391757643
x1,1000.0,-0.04255010207092478,2.958859153448398,-8.604191259102642,-1.9603564313194402,-0.007023671443542949,1.8338105147954487,28.202121276457955,28.202121276457955
x2,1000.0,-0.17413804370476207,7.924319205936703,-23.582929843906182,-5.47056463133189,-0.178488757615598,4.753183931880736,75.05183959189179,75.05183959189179
x3,1000.0,-0.01131924158422688,1.9856229999096504,-7.300918760612185,-1.2883638855590038,-0.04538908927290175,1.3110934914696204,17.75377124993683,17.75377124993683
