variable,count,mean,std,min,25%,50%,75%,max,original
dummy1,1000.0,-0.0002883678003354578,0.010429276831657492,-0.0355977770888958,-0.0071856094303132,-0.00035526478468465004,0.006654296866676075,0.0330801452112192,0.0044244641874821
dummy2,1000.0,0.00040607456117408054,0.011154018747303741,-0.0357825549740149,-0.0072071784887010005,0.00011379029832297925,0.008072207203336824,0.0401512537244284,0.0034172650518136
x1,1000.0,-0.024739212179584698,3.033850704032767,-8.564978080750045,-2.1644361151207545,-0.05061774585467355,1.9559029280064648,28.205614692120037,28.205614692120037
x2,1000.0,-0.3836221923096657,7.735659043370495,-27.812504561830018,-5.256165042589164,-0.5230974711815026,4.385099316750208,75.05044748370133,75.05044748370133
x3,1000.0,0.08135300308923975,1.9196247722807385,-5.968340475181276,-1.183608464826155,0.07400398515171525,1.2575038918385508,17.754724402791744,17.754724402791744
